old_path,new_path,status
/,/,301
/ίδρυση-εταιρείας-βουλγαρία/,/ίδρυση-εταιρείας-βουλγαρία,301
/κόστος-ίδρυσης-εταιρείας-βουλγαρία/,/ίδρυση-εταιρείας-βουλγαρία,301
/λογιστές-βουλγαρία/,/λογιστική-βουλγαρία,301
/υπηρεσίες-taxbg/,/υπηρεσίες,301
/επικοινωνία-με-taxbg/,/επικοινωνία,301
/η-εταιρεία-μας-taxbg/,/,301
/φορολογία-στη-βουλγαρία/,/φορολογία-στη-βουλγαρία,301
/αλλαγή-φορολογικής-κατοικίας/,/αλλαγή-φορολογικής-κατοικίας,301
/συχνές-ερωτήσεις/,/συχνές-ερωτήσεις,301
/όροι-και-προϋποθέσεις/,/όροι-και-προϋποθέσεις,301
/πολιτική-απορρήτου/,/πολιτική-απορρήτου,301
/πολιτική-cookies-εε/,/πολιτική-cookies,301
/δήλωση-απορρήτου-εε/,/δικαιώματα-gdpr,301
/αποποίησης-ευθυνών/,/όροι-και-προϋποθέσεις,301
/σφραγίδα-imprint/,/επικοινωνία,301
/user-deletion/,/δικαιώματα-gdpr,301
/web-υπηρεσίες/,,410
/άρθρα/,,410
/ενδοομιλικές-συναλλαγές/,,410
/vies-τι-είναι/,,410
/μεταβιβάσεις-εγγραφές-αυτοκινήτων/,,410
/φορολογικός-σχεδιασμός/,,410
/μεταφράσεις-βουλγαρικά-ελληνικά/,,410
/δικηγόροι-στη-βουλγαρία/,,410
/logistic-support-βουλγαρία/,,410
/διεκπεραίωση-φορολογικών-ελέγχων/,,410
/επιχειρηματικός-σχεδιασμός/,,410
/κατασκευή-ιστοσελίδων-seo/,,410
/δημιουργία-κειμένων-seo/,,410
/βελτιστοποίηση-μηχανών-αναζήτησης/,,410
/newsletter/,,410
/404-σελίδα/,,410
/shop/,,410
/cart/,,410
/checkout/,,410
/my-account/,,410
/team/παναγιώτης-κορφοξυλιώτης/,,410
/team/yanko-boev/,,410
/team/marianna-saranteva/,,410
/team/κυριάκος-δαρδάνης/,,410
/team/magdalena-pirinska/,,410
/team/georgi-gelev/,,410
/portfolio/λογιστικά/,,410
/category/taxbg/,,410
/category/εταιρείες-στη-βουλγαρία/,,410
/category/ίδρυση-εταιρειών-στη-βουλγαρία/,,410
/category/φορολογία/,,410
/category/φορολογικός-σχεδιασμός/,,410
/tag/taxbg/,,410
/tag/vies/,,410
/tag/βουλγαρία/,,410
/tag/ενδοομιλικές-συναλλαγές/,,410
/tag/λογιστές-βουλγαρία/,,410
/tag/φορολογία-2/,,410
/tag/φορολογία/,,410
/tag/φορολογικός-σχεδιασμός/,,410
/team_category/logistic-support/,,410
/team_category/taxbg/,,410
/team_category/καριέρες/,,410
/team_category/νομικές-υπηρεσίες/,,410
/team_category/προσωπικό/,,410
/author/pkorfoxyliotis_gv4pibha/,,410
/locations.kml,,410
